<?xml version="1.0" encoding="UTF-8" standalone="no"?>
<project default="javadoc">
    <target name="javadoc">
        <javadoc access="public" 
        		additionalparam="-encoding UTF-8 -charset UTF-8 -docencoding UTF-8 
        						-group 'Amazon S3' 'com.amazonaws.services.s*'
        						-group 'AWS Identity and Access Management' 'com.amazonaws.services.id*' 
        						-group 'Amazon Common' 'com.amazonaws*'
        						-group 'Amazon S3 Extended APIs' 'com.sk*'" 
        		author="true" 
        		classpath="lib/commons-codec-1.3.jar;lib/commons-logging-1.1.1.jar;C:\Documents and Settings\Administrator\.m2\repository\junit\junit\3.8.1\junit-3.8.1.jar;lib/httpclient-4.1.1.jar;lib/httpcore-4.1.jar;target/test-classes" 
        		destdir="doc" 
        		doctitle="AWS S3 SDK - 1.2.2 / SK CSS SDK - 1.0.0 for Java API Reference&lt;p>" 
        		nodeprecated="true" 
        		nodeprecatedlist="false" 
        		noindex="false" 
        		nonavbar="false" 
        		notree="false" 
        		packagenames="
						com.amazonaws,
						com.amazonaws.auth,
						com.amazonaws.auth.policy,
						com.amazonaws.auth.policy.actions,
						com.amazonaws.auth.policy.conditions,
						com.amazonaws.auth.policy.resources,
						com.amazonaws.services.identitymanagement,
						com.amazonaws.services.identitymanagement.model,
						com.amazonaws.services.identitymanagement.model.transfer,
						com.amazonaws.services.s3,
						com.amazonaws.services.s3.model,
						com.amazonaws.services.s3.transfer, 
						com.amazonaws.services.s3.transfer.model,
						com.sk.services.css,
        				com.sk.services.css.model,
						com.sk.services.css.management,
						com.sk.services.css.management.exception,
        				com.sk.services.css.sample"
        		source="1.6" 
        		sourcepath="src/main/java;src/test/java" 
        		splitindex="true" 
        		stylesheetfile="D:\workspace\css-sdk\lib\JavaDoc.css" 
        		use="true" 
        		version="true">
            <link href="http://java.sun.com/javase/6/docs/api/"/>
			<bottom><![CDATA[<i>Copyright &#169; 2011 SK C&C Corp. All Rights Reserved.</i>]]></bottom>
        </javadoc>
    </target>
</project>
